-- ================================================================
-- SEED — EduGestión / IE Ramón Messa Londoño
-- Ejecutar en: Supabase Dashboard → SQL Editor
--
-- Usuarios de prueba creados:
--   rector@iermessa.edu.co   / Test1234!  (rector)
--   docente1@iermessa.edu.co / Test1234!  (Carlos Ramírez — Matemáticas, Tecnología)
--   docente2@iermessa.edu.co / Test1234!  (Ana Torres — Lengua Castellana, Inglés)
-- ================================================================


-- ----------------------------------------------------------------
-- GRADOS
-- ----------------------------------------------------------------
INSERT INTO public.grados (id, nombre, nivel) VALUES
  ('a0000000-0000-0000-0000-000000000001', 'Sexto',    6),
  ('a0000000-0000-0000-0000-000000000002', 'Séptimo',  7),
  ('a0000000-0000-0000-0000-000000000003', 'Octavo',   8),
  ('a0000000-0000-0000-0000-000000000004', 'Noveno',   9),
  ('a0000000-0000-0000-0000-000000000005', 'Décimo',   10),
  ('a0000000-0000-0000-0000-000000000006', 'Undécimo', 11)
ON CONFLICT (id) DO NOTHING;


-- ----------------------------------------------------------------
-- GRUPOS (un grupo por grado, año 2025)
-- ----------------------------------------------------------------
INSERT INTO public.grupos (id, grado_id, nombre, anio) VALUES
  ('b0000000-0000-0000-0000-000000000001', 'a0000000-0000-0000-0000-000000000001', '6°A',  2025),
  ('b0000000-0000-0000-0000-000000000002', 'a0000000-0000-0000-0000-000000000002', '7°A',  2025),
  ('b0000000-0000-0000-0000-000000000003', 'a0000000-0000-0000-0000-000000000003', '8°A',  2025),
  ('b0000000-0000-0000-0000-000000000004', 'a0000000-0000-0000-0000-000000000004', '9°A',  2025),
  ('b0000000-0000-0000-0000-000000000005', 'a0000000-0000-0000-0000-000000000005', '10°A', 2025),
  ('b0000000-0000-0000-0000-000000000006', 'a0000000-0000-0000-0000-000000000006', '11°A', 2025)
ON CONFLICT (id) DO NOTHING;


-- ----------------------------------------------------------------
-- MATERIAS
-- ----------------------------------------------------------------
INSERT INTO public.materias (id, nombre, codigo, horas_semana) VALUES
  ('c0000000-0000-0000-0000-000000000001', 'Matemáticas',              'MAT', 5),
  ('c0000000-0000-0000-0000-000000000002', 'Lengua Castellana',        'LCA', 5),
  ('c0000000-0000-0000-0000-000000000003', 'Ciencias Naturales',       'CNT', 4),
  ('c0000000-0000-0000-0000-000000000004', 'Ciencias Sociales',        'CSO', 4),
  ('c0000000-0000-0000-0000-000000000005', 'Inglés',                   'ING', 4),
  ('c0000000-0000-0000-0000-000000000006', 'Educación Física',         'EDF', 2),
  ('c0000000-0000-0000-0000-000000000007', 'Tecnología e Informática', 'TEC', 2),
  ('c0000000-0000-0000-0000-000000000008', 'Ética y Valores',          'ETI', 1)
ON CONFLICT (id) DO NOTHING;


-- ----------------------------------------------------------------
-- PERIODOS (calendario escolar colombiano 2025)
-- ----------------------------------------------------------------
INSERT INTO public.periodos (id, nombre, numero, anio, fecha_inicio, fecha_fin) VALUES
  ('d0000000-0000-0000-0000-000000000001', 'Primer Periodo',  1, 2025, '2025-01-27', '2025-03-28'),
  ('d0000000-0000-0000-0000-000000000002', 'Segundo Periodo', 2, 2025, '2025-03-31', '2025-06-13'),
  ('d0000000-0000-0000-0000-000000000003', 'Tercer Periodo',  3, 2025, '2025-07-14', '2025-09-26'),
  ('d0000000-0000-0000-0000-000000000004', 'Cuarto Periodo',  4, 2025, '2025-09-29', '2025-11-28')
ON CONFLICT (id) DO NOTHING;


-- ----------------------------------------------------------------
-- ESTUDIANTES (8 por grupo — 48 en total)
-- ----------------------------------------------------------------

-- 6°A
INSERT INTO public.estudiantes (id, nombre, apellido, documento, fecha_nacimiento, grupo_id, activo) VALUES
  ('f0100000-0000-0000-0000-000000000001', 'Andrés',    'García Pérez',     '1001000001', '2013-03-15', 'b0000000-0000-0000-0000-000000000001', true),
  ('f0100000-0000-0000-0000-000000000002', 'Laura',     'Martínez López',   '1001000002', '2013-07-22', 'b0000000-0000-0000-0000-000000000001', true),
  ('f0100000-0000-0000-0000-000000000003', 'Carlos',    'Hernández Ruiz',   '1001000003', '2013-01-08', 'b0000000-0000-0000-0000-000000000001', true),
  ('f0100000-0000-0000-0000-000000000004', 'Valentina', 'Torres Vargas',    '1001000004', '2013-11-30', 'b0000000-0000-0000-0000-000000000001', true),
  ('f0100000-0000-0000-0000-000000000005', 'Miguel',    'Rodríguez Castro', '1001000005', '2013-05-17', 'b0000000-0000-0000-0000-000000000001', true),
  ('f0100000-0000-0000-0000-000000000006', 'Isabella',  'Gómez Sánchez',   '1001000006', '2013-09-04', 'b0000000-0000-0000-0000-000000000001', true),
  ('f0100000-0000-0000-0000-000000000007', 'Daniel',    'Ramírez Flores',   '1001000007', '2013-04-25', 'b0000000-0000-0000-0000-000000000001', true),
  ('f0100000-0000-0000-0000-000000000008', 'Sofía',     'Jiménez Morales',  '1001000008', '2013-12-01', 'b0000000-0000-0000-0000-000000000001', true)
ON CONFLICT (id) DO NOTHING;

-- 7°A
INSERT INTO public.estudiantes (id, nombre, apellido, documento, fecha_nacimiento, grupo_id, activo) VALUES
  ('f0200000-0000-0000-0000-000000000001', 'Santiago',  'Vargas Díaz',      '1002000001', '2012-02-14', 'b0000000-0000-0000-0000-000000000002', true),
  ('f0200000-0000-0000-0000-000000000002', 'Natalia',   'Cruz Mendoza',     '1002000002', '2012-08-19', 'b0000000-0000-0000-0000-000000000002', true),
  ('f0200000-0000-0000-0000-000000000003', 'Sebastián', 'Mora Aguilar',     '1002000003', '2012-06-03', 'b0000000-0000-0000-0000-000000000002', true),
  ('f0200000-0000-0000-0000-000000000004', 'Alejandra', 'Reyes Gutiérrez',  '1002000004', '2012-10-27', 'b0000000-0000-0000-0000-000000000002', true),
  ('f0200000-0000-0000-0000-000000000005', 'Camilo',    'Ríos Castañeda',   '1002000005', '2012-03-11', 'b0000000-0000-0000-0000-000000000002', true),
  ('f0200000-0000-0000-0000-000000000006', 'Juliana',   'Parra Suárez',     '1002000006', '2012-07-08', 'b0000000-0000-0000-0000-000000000002', true),
  ('f0200000-0000-0000-0000-000000000007', 'Luis',      'Salcedo Bermúdez', '1002000007', '2012-01-29', 'b0000000-0000-0000-0000-000000000002', true),
  ('f0200000-0000-0000-0000-000000000008', 'Paula',     'Nieto Cardona',    '1002000008', '2012-11-15', 'b0000000-0000-0000-0000-000000000002', true)
ON CONFLICT (id) DO NOTHING;

-- 8°A
INSERT INTO public.estudiantes (id, nombre, apellido, documento, fecha_nacimiento, grupo_id, activo) VALUES
  ('f0300000-0000-0000-0000-000000000001', 'Mateo',    'Ospina Arias',     '1003000001', '2011-04-10', 'b0000000-0000-0000-0000-000000000003', true),
  ('f0300000-0000-0000-0000-000000000002', 'Luisa',    'Bejarano Gil',     '1003000002', '2011-09-23', 'b0000000-0000-0000-0000-000000000003', true),
  ('f0300000-0000-0000-0000-000000000003', 'Esteban',  'Montoya Ríos',     '1003000003', '2011-02-17', 'b0000000-0000-0000-0000-000000000003', true),
  ('f0300000-0000-0000-0000-000000000004', 'Camila',   'Herrera Muñoz',    '1003000004', '2011-07-05', 'b0000000-0000-0000-0000-000000000003', true),
  ('f0300000-0000-0000-0000-000000000005', 'Felipe',   'Acosta Pineda',    '1003000005', '2011-12-20', 'b0000000-0000-0000-0000-000000000003', true),
  ('f0300000-0000-0000-0000-000000000006', 'Diana',    'Mejía Córdoba',    '1003000006', '2011-05-31', 'b0000000-0000-0000-0000-000000000003', true),
  ('f0300000-0000-0000-0000-000000000007', 'Nicolás',  'Arango Zapata',    '1003000007', '2011-10-14', 'b0000000-0000-0000-0000-000000000003', true),
  ('f0300000-0000-0000-0000-000000000008', 'Valeria',  'Castaño Vélez',    '1003000008', '2011-03-28', 'b0000000-0000-0000-0000-000000000003', true)
ON CONFLICT (id) DO NOTHING;

-- 9°A
INSERT INTO public.estudiantes (id, nombre, apellido, documento, fecha_nacimiento, grupo_id, activo) VALUES
  ('f0400000-0000-0000-0000-000000000001', 'Juan Pablo', 'Giraldo Cano',   '1004000001', '2010-06-12', 'b0000000-0000-0000-0000-000000000004', true),
  ('f0400000-0000-0000-0000-000000000002', 'María José', 'Restrepo Duque', '1004000002', '2010-01-25', 'b0000000-0000-0000-0000-000000000004', true),
  ('f0400000-0000-0000-0000-000000000003', 'David',      'Londoño Pardo',  '1004000003', '2010-08-08', 'b0000000-0000-0000-0000-000000000004', true),
  ('f0400000-0000-0000-0000-000000000004', 'Sara',       'Quintero Leal',  '1004000004', '2010-11-19', 'b0000000-0000-0000-0000-000000000004', true),
  ('f0400000-0000-0000-0000-000000000005', 'Alejandro',  'Muñoz Peña',     '1004000005', '2010-04-03', 'b0000000-0000-0000-0000-000000000004', true),
  ('f0400000-0000-0000-0000-000000000006', 'Catalina',   'Zapata Franco',  '1004000006', '2010-07-16', 'b0000000-0000-0000-0000-000000000004', true),
  ('f0400000-0000-0000-0000-000000000007', 'Cristian',   'Hoyos Bedoya',   '1004000007', '2010-02-27', 'b0000000-0000-0000-0000-000000000004', true),
  ('f0400000-0000-0000-0000-000000000008', 'Nathaly',    'Cárdenas Ossa',  '1004000008', '2010-09-30', 'b0000000-0000-0000-0000-000000000004', true)
ON CONFLICT (id) DO NOTHING;

-- 10°A
INSERT INTO public.estudiantes (id, nombre, apellido, documento, fecha_nacimiento, grupo_id, activo) VALUES
  ('f0500000-0000-0000-0000-000000000001', 'Andrés Felipe', 'Suárez Mesa',    '1005000001', '2009-03-07', 'b0000000-0000-0000-0000-000000000005', true),
  ('f0500000-0000-0000-0000-000000000002', 'Paola',         'Rojas Vega',     '1005000002', '2009-10-18', 'b0000000-0000-0000-0000-000000000005', true),
  ('f0500000-0000-0000-0000-000000000003', 'Mauricio',      'Alvarado Toro',  '1005000003', '2009-06-29', 'b0000000-0000-0000-0000-000000000005', true),
  ('f0500000-0000-0000-0000-000000000004', 'Tatiana',       'Ríos Mora',      '1005000004', '2009-01-14', 'b0000000-0000-0000-0000-000000000005', true),
  ('f0500000-0000-0000-0000-000000000005', 'Iván Darío',    'Cortés Silva',   '1005000005', '2009-08-22', 'b0000000-0000-0000-0000-000000000005', true),
  ('f0500000-0000-0000-0000-000000000006', 'Vanessa',       'Molina Ortega',  '1005000006', '2009-04-05', 'b0000000-0000-0000-0000-000000000005', true),
  ('f0500000-0000-0000-0000-000000000007', 'Javier',        'Guerrero Soto',  '1005000007', '2009-12-11', 'b0000000-0000-0000-0000-000000000005', true),
  ('f0500000-0000-0000-0000-000000000008', 'Marcela',       'Pacheco Rubio',  '1005000008', '2009-07-26', 'b0000000-0000-0000-0000-000000000005', true)
ON CONFLICT (id) DO NOTHING;

-- 11°A
INSERT INTO public.estudiantes (id, nombre, apellido, documento, fecha_nacimiento, grupo_id, activo) VALUES
  ('f0600000-0000-0000-0000-000000000001', 'Sebastián',  'Morales Vélez',      '1006000001', '2008-05-09', 'b0000000-0000-0000-0000-000000000006', true),
  ('f0600000-0000-0000-0000-000000000002', 'Paula Andrea','Castillo Ramos',    '1006000002', '2008-11-24', 'b0000000-0000-0000-0000-000000000006', true),
  ('f0600000-0000-0000-0000-000000000003', 'Fernando',   'Díaz Salazar',       '1006000003', '2008-02-16', 'b0000000-0000-0000-0000-000000000006', true),
  ('f0600000-0000-0000-0000-000000000004', 'Andrea',     'Bermúdez Quiroz',    '1006000004', '2008-08-03', 'b0000000-0000-0000-0000-000000000006', true),
  ('f0600000-0000-0000-0000-000000000005', 'Ricardo',    'Escobar Naranjo',    '1006000005', '2008-04-20', 'b0000000-0000-0000-0000-000000000006', true),
  ('f0600000-0000-0000-0000-000000000006', 'Lorena',     'Echeverría Pinto',   '1006000006', '2008-09-07', 'b0000000-0000-0000-0000-000000000006', true),
  ('f0600000-0000-0000-0000-000000000007', 'Felipe',     'Aristizábal Gómez',  '1006000007', '2008-01-31', 'b0000000-0000-0000-0000-000000000006', true),
  ('f0600000-0000-0000-0000-000000000008', 'Gloria Inés','Patiño Agudelo',     '1006000008', '2008-06-13', 'b0000000-0000-0000-0000-000000000006', true)
ON CONFLICT (id) DO NOTHING;


-- ----------------------------------------------------------------
-- USUARIOS DE PRUEBA
-- ----------------------------------------------------------------
INSERT INTO auth.users (
  id, instance_id, aud, role, email, encrypted_password,
  email_confirmed_at, created_at, updated_at,
  raw_app_meta_data, raw_user_meta_data
) VALUES
  (
    'e0000000-0000-0000-0000-000000000001',
    '00000000-0000-0000-0000-000000000000',
    'authenticated', 'authenticated',
    'rector@iermessa.edu.co',
    crypt('Test1234!', gen_salt('bf')),
    now(), now(), now(),
    '{"provider":"email","providers":["email"]}', '{}'
  ),
  (
    'e0000000-0000-0000-0000-000000000002',
    '00000000-0000-0000-0000-000000000000',
    'authenticated', 'authenticated',
    'docente1@iermessa.edu.co',
    crypt('Test1234!', gen_salt('bf')),
    now(), now(), now(),
    '{"provider":"email","providers":["email"]}', '{}'
  ),
  (
    'e0000000-0000-0000-0000-000000000003',
    '00000000-0000-0000-0000-000000000000',
    'authenticated', 'authenticated',
    'docente2@iermessa.edu.co',
    crypt('Test1234!', gen_salt('bf')),
    now(), now(), now(),
    '{"provider":"email","providers":["email"]}', '{}'
  )
ON CONFLICT (id) DO NOTHING;

INSERT INTO auth.identities (
  id, user_id, provider_id, identity_data, provider,
  last_sign_in_at, created_at, updated_at
) VALUES
  (
    'e0000000-0000-0000-0000-000000000001',
    'e0000000-0000-0000-0000-000000000001',
    'rector@iermessa.edu.co',
    '{"sub":"e0000000-0000-0000-0000-000000000001","email":"rector@iermessa.edu.co"}',
    'email', now(), now(), now()
  ),
  (
    'e0000000-0000-0000-0000-000000000002',
    'e0000000-0000-0000-0000-000000000002',
    'docente1@iermessa.edu.co',
    '{"sub":"e0000000-0000-0000-0000-000000000002","email":"docente1@iermessa.edu.co"}',
    'email', now(), now(), now()
  ),
  (
    'e0000000-0000-0000-0000-000000000003',
    'e0000000-0000-0000-0000-000000000003',
    'docente2@iermessa.edu.co',
    '{"sub":"e0000000-0000-0000-0000-000000000003","email":"docente2@iermessa.edu.co"}',
    'email', now(), now(), now()
  )
ON CONFLICT (id) DO NOTHING;


-- ----------------------------------------------------------------
-- PROFILES
-- ----------------------------------------------------------------
INSERT INTO public.profiles (id, auth_user_id, nombre, apellido, rol) VALUES
  ('e0000000-0000-0000-0000-000000000001', 'e0000000-0000-0000-0000-000000000001', 'María',  'González Rueda', 'rector'),
  ('e0000000-0000-0000-0000-000000000002', 'e0000000-0000-0000-0000-000000000002', 'Carlos', 'Ramírez Pérez',  'docente'),
  ('e0000000-0000-0000-0000-000000000003', 'e0000000-0000-0000-0000-000000000003', 'Ana',    'Torres Guzmán',  'docente')
ON CONFLICT (id) DO NOTHING;


-- ----------------------------------------------------------------
-- ASIGNACIONES
-- Carlos Ramírez: Matemáticas → 6A, 7A, 8A, 9A | Tecnología → 10A, 11A
-- Ana Torres:     Lengua Castellana → 6A, 7A, 8A | Inglés → 9A, 10A, 11A
-- ----------------------------------------------------------------
INSERT INTO public.asignaciones (id, docente_id, grupo_id, materia_id, anio) VALUES
  -- Carlos — Matemáticas
  (gen_random_uuid(), 'e0000000-0000-0000-0000-000000000002', 'b0000000-0000-0000-0000-000000000001', 'c0000000-0000-0000-0000-000000000001', 2025),
  (gen_random_uuid(), 'e0000000-0000-0000-0000-000000000002', 'b0000000-0000-0000-0000-000000000002', 'c0000000-0000-0000-0000-000000000001', 2025),
  (gen_random_uuid(), 'e0000000-0000-0000-0000-000000000002', 'b0000000-0000-0000-0000-000000000003', 'c0000000-0000-0000-0000-000000000001', 2025),
  (gen_random_uuid(), 'e0000000-0000-0000-0000-000000000002', 'b0000000-0000-0000-0000-000000000004', 'c0000000-0000-0000-0000-000000000001', 2025),
  -- Carlos — Tecnología e Informática
  (gen_random_uuid(), 'e0000000-0000-0000-0000-000000000002', 'b0000000-0000-0000-0000-000000000005', 'c0000000-0000-0000-0000-000000000007', 2025),
  (gen_random_uuid(), 'e0000000-0000-0000-0000-000000000002', 'b0000000-0000-0000-0000-000000000006', 'c0000000-0000-0000-0000-000000000007', 2025),
  -- Ana — Lengua Castellana
  (gen_random_uuid(), 'e0000000-0000-0000-0000-000000000003', 'b0000000-0000-0000-0000-000000000001', 'c0000000-0000-0000-0000-000000000002', 2025),
  (gen_random_uuid(), 'e0000000-0000-0000-0000-000000000003', 'b0000000-0000-0000-0000-000000000002', 'c0000000-0000-0000-0000-000000000002', 2025),
  (gen_random_uuid(), 'e0000000-0000-0000-0000-000000000003', 'b0000000-0000-0000-0000-000000000003', 'c0000000-0000-0000-0000-000000000002', 2025),
  -- Ana — Inglés
  (gen_random_uuid(), 'e0000000-0000-0000-0000-000000000003', 'b0000000-0000-0000-0000-000000000004', 'c0000000-0000-0000-0000-000000000005', 2025),
  (gen_random_uuid(), 'e0000000-0000-0000-0000-000000000003', 'b0000000-0000-0000-0000-000000000005', 'c0000000-0000-0000-0000-000000000005', 2025),
  (gen_random_uuid(), 'e0000000-0000-0000-0000-000000000003', 'b0000000-0000-0000-0000-000000000006', 'c0000000-0000-0000-0000-000000000005', 2025)
ON CONFLICT DO NOTHING;
